Workbook

Sheet 設定
A1: 項目 | B1: 值 | D1: 成員名單（一格一名）
A2: 旅程名稱 | B2: 2026 東京行 | D2: 小明 | F2: 說明：
A3: 國家 | B3: 日本 | D3: 小華 | F3: ・黃底儲存格＝可以修改的地方（旅程資訊、成員、幣別與匯率）。
A4: 主幣別 | B4: TWD | D4: 小美 | F4: ・成員在 D2:D11 一格填一個名字，捷徑的選單直接讀這裡。
D5: 阿強 | F5: ・幣別表從 A8 往下填（最多到第 30 列）；第一列（A8）＝捷徑選單的預設幣別。
F6: ・主幣別自己也要列在幣別表，匯率填 1。
A7: 幣別 | B7: 匯率（1 單位 = ? 主幣別） | F7: ・B2:B4、D2:D11、A8:B30 的位置是與程式的約定，請勿插入列或搬動（要改位置請同步改 Code.gs 的 CELLS）。
A8: JPY | B8: 0.22
A9: TWD | B9: 1

Sheet 記帳
A1: id | B1: 時間 | C1: 項目 | D1: 金額 | E1: 幣別 | F1: 付款人 | G1: 分攤者 | H1: 分攤人數 | I1: 記錄者 | J1: 備註
A2: t1 | B2: 46266.5 | C2: 拉麵 | D2: 4280 | E2: JPY | F2: 小明 | G2: 小明,小華,小美,阿強 | H2: 4 | I2: 小明 | J2: 範例
A3: t2 | B3: 46266.542 | C3: 計程車 | D3: 1800 | E3: JPY | F3: 小華 | G3: 小明,小華 | H3: 2 | I3: 小華 | J3: 範例
A4: t3 | B4: 46266.583 | C4: 伴手禮 | D4: 1000 | E4: TWD | F4: 阿強 | G4: 小明,小華,小美,阿強 | H4: 4 | I4: 阿強 | J4: 範例

Sheet 結算
A1: 旅程 | B1: =設定!B2 -> 2026 東京行 | D1: 顯示幣別 ▶ | E1: TWD
A2: 總支出 | B2: =ROUND(SUMPRODUCT(記帳!$D$2:$D$1000*SUMIF(設定!$A$8:$A$30,記帳!$E$2:$E$1000,設定!$B$8:$B$30))/IFERROR(VLOOKUP($E$1,設定!$A$8:$B$30,2,FALSE),1),0) -> 2338
A3: 筆數 | B3: =COUNTA(記帳!$A$2:$A$1000) -> 3
A5: 成員 | B5: ="已付("&$E$1&")" -> 已付(TWD) | C5: ="應分攤("&$E$1&")" -> 應分攤(TWD) | D5: ="淨額("&$E$1&")" -> 淨額(TWD) | E5: 結果 | G5: 幣別 | H5: 原幣總額
A6: =IF(設定!D2="","",設定!D2) -> 小明 | B6: =IF($A6="","",SUMPRODUCT((記帳!$F$2:$F$1000=$A6)*記帳!$D$2:$D$1000*SUMIF(設定!$A$8:$A$30,記帳!$E$2:$E$1000,設定!$B$8:$B$30))/IFERROR(VLOOKUP($E$1,設定!$A$8:$B$30,2,FALSE),1)) -> 941.6 | C6: =IF($A6="","",SUMPRODUCT(ISNUMBER(FIND(","&$A6&",",","&記帳!$G$2:$G$1000&","))*記帳!$D$2:$D$1000*SUMIF(設定!$A$8:$A$30,記帳!$E$2:$E$1000,設定!$B$8:$B$30)/(記帳!$H$2:$H$1000+(記帳!$H$2:$H$1000=0)))/IFERROR(VLOOKUP($E$1,設定!$A$8:$B$30,2,FALSE),1)) -> 683.4 | D6: =IF($A6="","",B6-C6) -> 258.2 | E6: =IF($A6="","",IF(ROUND(D6,0)>0,"應收 "&TEXT(ROUND(D6,0),"#,##0"),IF(ROUND(D6,0)<0,"應付 "&TEXT(-ROUND(D6,0),"#,##0"),"打平"))) -> 應收 258 | G6: =IF(設定!A8="","",設定!A8) -> JPY | H6: =IF($G6="","",SUMIF(記帳!$E$2:$E$1000,$G6,記帳!$D$2:$D$1000)) -> 6080
A7: =IF(設定!D3="","",設定!D3) -> 小華 | B7: =IF($A7="","",SUMPRODUCT((記帳!$F$2:$F$1000=$A7)*記帳!$D$2:$D$1000*SUMIF(設定!$A$8:$A$30,記帳!$E$2:$E$1000,設定!$B$8:$B$30))/IFERROR(VLOOKUP($E$1,設定!$A$8:$B$30,2,FALSE),1)) -> 396 | C7: =IF($A7="","",SUMPRODUCT(ISNUMBER(FIND(","&$A7&",",","&記帳!$G$2:$G$1000&","))*記帳!$D$2:$D$1000*SUMIF(設定!$A$8:$A$30,記帳!$E$2:$E$1000,設定!$B$8:$B$30)/(記帳!$H$2:$H$1000+(記帳!$H$2:$H$1000=0)))/IFERROR(VLOOKUP($E$1,設定!$A$8:$B$30,2,FALSE),1)) -> 683.4 | D7: =IF($A7="","",B7-C7) -> -287.4 | E7: =IF($A7="","",IF(ROUND(D7,0)>0,"應收 "&TEXT(ROUND(D7,0),"#,##0"),IF(ROUND(D7,0)<0,"應付 "&TEXT(-ROUND(D7,0),"#,##0"),"打平"))) -> 應付 287 | G7: =IF(設定!A9="","",設定!A9) -> TWD | H7: =IF($G7="","",SUMIF(記帳!$E$2:$E$1000,$G7,記帳!$D$2:$D$1000)) -> 1000
A8: =IF(設定!D4="","",設定!D4) -> 小美 | B8: =IF($A8="","",SUMPRODUCT((記帳!$F$2:$F$1000=$A8)*記帳!$D$2:$D$1000*SUMIF(設定!$A$8:$A$30,記帳!$E$2:$E$1000,設定!$B$8:$B$30))/IFERROR(VLOOKUP($E$1,設定!$A$8:$B$30,2,FALSE),1)) -> 0 | C8: =IF($A8="","",SUMPRODUCT(ISNUMBER(FIND(","&$A8&",",","&記帳!$G$2:$G$1000&","))*記帳!$D$2:$D$1000*SUMIF(設定!$A$8:$A$30,記帳!$E$2:$E$1000,設定!$B$8:$B$30)/(記帳!$H$2:$H$1000+(記帳!$H$2:$H$1000=0)))/IFERROR(VLOOKUP($E$1,設定!$A$8:$B$30,2,FALSE),1)) -> 485.4 | D8: =IF($A8="","",B8-C8) -> -485.4 | E8: =IF($A8="","",IF(ROUND(D8,0)>0,"應收 "&TEXT(ROUND(D8,0),"#,##0"),IF(ROUND(D8,0)<0,"應付 "&TEXT(-ROUND(D8,0),"#,##0"),"打平"))) -> 應付 485 | G8: =IF(設定!A10="","",設定!A10) | H8: =IF($G8="","",SUMIF(記帳!$E$2:$E$1000,$G8,記帳!$D$2:$D$1000))
A9: =IF(設定!D5="","",設定!D5) -> 阿強 | B9: =IF($A9="","",SUMPRODUCT((記帳!$F$2:$F$1000=$A9)*記帳!$D$2:$D$1000*SUMIF(設定!$A$8:$A$30,記帳!$E$2:$E$1000,設定!$B$8:$B$30))/IFERROR(VLOOKUP($E$1,設定!$A$8:$B$30,2,FALSE),1)) -> 1000 | C9: =IF($A9="","",SUMPRODUCT(ISNUMBER(FIND(","&$A9&",",","&記帳!$G$2:$G$1000&","))*記帳!$D$2:$D$1000*SUMIF(設定!$A$8:$A$30,記帳!$E$2:$E$1000,設定!$B$8:$B$30)/(記帳!$H$2:$H$1000+(記帳!$H$2:$H$1000=0)))/IFERROR(VLOOKUP($E$1,設定!$A$8:$B$30,2,FALSE),1)) -> 485.4 | D9: =IF($A9="","",B9-C9) -> 514.6 | E9: =IF($A9="","",IF(ROUND(D9,0)>0,"應收 "&TEXT(ROUND(D9,0),"#,##0"),IF(ROUND(D9,0)<0,"應付 "&TEXT(-ROUND(D9,0),"#,##0"),"打平"))) -> 應收 515 | G9: =IF(設定!A11="","",設定!A11) | H9: =IF($G9="","",SUMIF(記帳!$E$2:$E$1000,$G9,記帳!$D$2:$D$1000))
A10: =IF(設定!D6="","",設定!D6) | B10: =IF($A10="","",SUMPRODUCT((記帳!$F$2:$F$1000=$A10)*記帳!$D$2:$D$1000*SUMIF(設定!$A$8:$A$30,記帳!$E$2:$E$1000,設定!$B$8:$B$30))/IFERROR(VLOOKUP($E$1,設定!$A$8:$B$30,2,FALSE),1)) | C10: =IF($A10="","",SUMPRODUCT(ISNUMBER(FIND(","&$A10&",",","&記帳!$G$2:$G$1000&","))*記帳!$D$2:$D$1000*SUMIF(設定!$A$8:$A$30,記帳!$E$2:$E$1000,設定!$B$8:$B$30)/(記帳!$H$2:$H$1000+(記帳!$H$2:$H$1000=0)))/IFERROR(VLOOKUP($E$1,設定!$A$8:$B$30,2,FALSE),1)) | D10: =IF($A10="","",B10-C10) | E10: =IF($A10="","",IF(ROUND(D10,0)>0,"應收 "&TEXT(ROUND(D10,0),"#,##0"),IF(ROUND(D10,0)<0,"應付 "&TEXT(-ROUND(D10,0),"#,##0"),"打平"))) | G10: =IF(設定!A12="","",設定!A12) | H10: =IF($G10="","",SUMIF(記帳!$E$2:$E$1000,$G10,記帳!$D$2:$D$1000))
A11: =IF(設定!D7="","",設定!D7) | B11: =IF($A11="","",SUMPRODUCT((記帳!$F$2:$F$1000=$A11)*記帳!$D$2:$D$1000*SUMIF(設定!$A$8:$A$30,記帳!$E$2:$E$1000,設定!$B$8:$B$30))/IFERROR(VLOOKUP($E$1,設定!$A$8:$B$30,2,FALSE),1)) | C11: =IF($A11="","",SUMPRODUCT(ISNUMBER(FIND(","&$A11&",",","&記帳!$G$2:$G$1000&","))*記帳!$D$2:$D$1000*SUMIF(設定!$A$8:$A$30,記帳!$E$2:$E$1000,設定!$B$8:$B$30)/(記帳!$H$2:$H$1000+(記帳!$H$2:$H$1000=0)))/IFERROR(VLOOKUP($E$1,設定!$A$8:$B$30,2,FALSE),1)) | D11: =IF($A11="","",B11-C11) | E11: =IF($A11="","",IF(ROUND(D11,0)>0,"應收 "&TEXT(ROUND(D11,0),"#,##0"),IF(ROUND(D11,0)<0,"應付 "&TEXT(-ROUND(D11,0),"#,##0"),"打平"))) | G11: =IF(設定!A13="","",設定!A13) | H11: =IF($G11="","",SUMIF(記帳!$E$2:$E$1000,$G11,記帳!$D$2:$D$1000))
A12: =IF(設定!D8="","",設定!D8) | B12: =IF($A12="","",SUMPRODUCT((記帳!$F$2:$F$1000=$A12)*記帳!$D$2:$D$1000*SUMIF(設定!$A$8:$A$30,記帳!$E$2:$E$1000,設定!$B$8:$B$30))/IFERROR(VLOOKUP($E$1,設定!$A$8:$B$30,2,FALSE),1)) | C12: =IF($A12="","",SUMPRODUCT(ISNUMBER(FIND(","&$A12&",",","&記帳!$G$2:$G$1000&","))*記帳!$D$2:$D$1000*SUMIF(設定!$A$8:$A$30,記帳!$E$2:$E$1000,設定!$B$8:$B$30)/(記帳!$H$2:$H$1000+(記帳!$H$2:$H$1000=0)))/IFERROR(VLOOKUP($E$1,設定!$A$8:$B$30,2,FALSE),1)) | D12: =IF($A12="","",B12-C12) | E12: =IF($A12="","",IF(ROUND(D12,0)>0,"應收 "&TEXT(ROUND(D12,0),"#,##0"),IF(ROUND(D12,0)<0,"應付 "&TEXT(-ROUND(D12,0),"#,##0"),"打平"))) | G12: =IF(設定!A14="","",設定!A14) | H12: =IF($G12="","",SUMIF(記帳!$E$2:$E$1000,$G12,記帳!$D$2:$D$1000))
A13: =IF(設定!D9="","",設定!D9) | B13: =IF($A13="","",SUMPRODUCT((記帳!$F$2:$F$1000=$A13)*記帳!$D$2:$D$1000*SUMIF(設定!$A$8:$A$30,記帳!$E$2:$E$1000,設定!$B$8:$B$30))/IFERROR(VLOOKUP($E$1,設定!$A$8:$B$30,2,FALSE),1)) | C13: =IF($A13="","",SUMPRODUCT(ISNUMBER(FIND(","&$A13&",",","&記帳!$G$2:$G$1000&","))*記帳!$D$2:$D$1000*SUMIF(設定!$A$8:$A$30,記帳!$E$2:$E$1000,設定!$B$8:$B$30)/(記帳!$H$2:$H$1000+(記帳!$H$2:$H$1000=0)))/IFERROR(VLOOKUP($E$1,設定!$A$8:$B$30,2,FALSE),1)) | D13: =IF($A13="","",B13-C13) | E13: =IF($A13="","",IF(ROUND(D13,0)>0,"應收 "&TEXT(ROUND(D13,0),"#,##0"),IF(ROUND(D13,0)<0,"應付 "&TEXT(-ROUND(D13,0),"#,##0"),"打平"))) | G13: =IF(設定!A15="","",設定!A15) | H13: =IF($G13="","",SUMIF(記帳!$E$2:$E$1000,$G13,記帳!$D$2:$D$1000))
A14: =IF(設定!D10="","",設定!D10) | B14: =IF($A14="","",SUMPRODUCT((記帳!$F$2:$F$1000=$A14)*記帳!$D$2:$D$1000*SUMIF(設定!$A$8:$A$30,記帳!$E$2:$E$1000,設定!$B$8:$B$30))/IFERROR(VLOOKUP($E$1,設定!$A$8:$B$30,2,FALSE),1)) | C14: =IF($A14="","",SUMPRODUCT(ISNUMBER(FIND(","&$A14&",",","&記帳!$G$2:$G$1000&","))*記帳!$D$2:$D$1000*SUMIF(設定!$A$8:$A$30,記帳!$E$2:$E$1000,設定!$B$8:$B$30)/(記帳!$H$2:$H$1000+(記帳!$H$2:$H$1000=0)))/IFERROR(VLOOKUP($E$1,設定!$A$8:$B$30,2,FALSE),1)) | D14: =IF($A14="","",B14-C14) | E14: =IF($A14="","",IF(ROUND(D14,0)>0,"應收 "&TEXT(ROUND(D14,0),"#,##0"),IF(ROUND(D14,0)<0,"應付 "&TEXT(-ROUND(D14,0),"#,##0"),"打平"))) | G14: =IF(設定!A16="","",設定!A16) | H14: =IF($G14="","",SUMIF(記帳!$E$2:$E$1000,$G14,記帳!$D$2:$D$1000))
A15: =IF(設定!D11="","",設定!D11) | B15: =IF($A15="","",SUMPRODUCT((記帳!$F$2:$F$1000=$A15)*記帳!$D$2:$D$1000*SUMIF(設定!$A$8:$A$30,記帳!$E$2:$E$1000,設定!$B$8:$B$30))/IFERROR(VLOOKUP($E$1,設定!$A$8:$B$30,2,FALSE),1)) | C15: =IF($A15="","",SUMPRODUCT(ISNUMBER(FIND(","&$A15&",",","&記帳!$G$2:$G$1000&","))*記帳!$D$2:$D$1000*SUMIF(設定!$A$8:$A$30,記帳!$E$2:$E$1000,設定!$B$8:$B$30)/(記帳!$H$2:$H$1000+(記帳!$H$2:$H$1000=0)))/IFERROR(VLOOKUP($E$1,設定!$A$8:$B$30,2,FALSE),1)) | D15: =IF($A15="","",B15-C15) | E15: =IF($A15="","",IF(ROUND(D15,0)>0,"應收 "&TEXT(ROUND(D15,0),"#,##0"),IF(ROUND(D15,0)<0,"應付 "&TEXT(-ROUND(D15,0),"#,##0"),"打平"))) | G15: =IF(設定!A17="","",設定!A17) | H15: =IF($G15="","",SUMIF(記帳!$E$2:$E$1000,$G15,記帳!$D$2:$D$1000))
A17: 檢查（淨額總和，應為 0） | B17: =ROUND(SUM($D$6:$D$15),2) -> 0
A19: 本分頁全是公式；只有 E1「顯示幣別」可以切換。右側「原幣總額」是各幣別的原始消費加總。
